Meeting_ID,Topic,Scheduled_Start_Time,Zoom_Meeting_Start_Time,Zoom_Meeting_End_Time,Duration,Participants,Recording,Agenda_Link,Minutes_Link,Start_Date,Start_Time,Meeting_Duration,Committee
954 410 442,CCEC,4:30:00 PM,2020-03-31 15:40:00,2020-03-31 18:27:00,2:47:55,52,Yes,https://madison.legistar.com/View.ashx?M=A&ID=749806&GUID=DCDE4C54-93C7-4202-9D08-3A8E262387B7,https://madison.legistar.com/View.ashx?M=M&ID=749806&GUID=DCDE4C54-93C7-4202-9D08-3A8E262387B7,3/31/2020,15:40,0 days 02:47:00.000000000,Common Council Executive Committee
531 697 510,Common Council,6:30:00 PM,2020-03-31 17:04:00,2020-04-01 02:53:00,9:48:36,337,Yes,https://madison.legistar.com/View.ashx?M=A&ID=715266&GUID=667A9CCE-CE4A-40AB-BBC6-8917E001494C,https://madison.legistar.com/View.ashx?M=M&ID=715266&GUID=667A9CCE-CE4A-40AB-BBC6-8917E001494C,3/31/2020,17:04,0 days 09:49:00.000000000,Common Council Executive Committee
411 578 576,"Finance Committee: Meeting of April 6, 2020",4:30:00 PM,2020-04-06 15:40:00,2020-04-06 17:49:00,2:09:00,31,Yes,https://madison.legistar.com/View.ashx?M=A&ID=726493&GUID=D16BF8EB-44C0-4251-A185-3923BD0A2D19,https://madison.legistar.com/View.ashx?M=M&ID=726493&GUID=D16BF8EB-44C0-4251-A185-3923BD0A2D19,4/6/2020,15:40,0 days 02:09:00.000000000,Finance Committee
563 608 269,"CCEC: Meeting of April 9, 2020",6:00:00 PM,2020-04-09 16:57:00,2020-04-09 19:53:00,2:56:08,36,Yes,https://madison.legistar.com/View.ashx?M=A&ID=773823&GUID=66DAE6D2-3338-4C95-AAB6-B800980E73B9,https://madison.legistar.com/View.ashx?M=M&ID=773823&GUID=66DAE6D2-3338-4C95-AAB6-B800980E73B9,4/9/2020,16:57,0 days 02:56:00.000000000,Common Council Executive Committee
468 948 855,"Plan Commission: Meeting of April 13, 2020",5:30:00 PM,2020-04-13 16:35:00,2020-04-13 21:14:00,4:38:54,80,Yes,https://madison.legistar.com/View.ashx?M=A&ID=724483&GUID=B480C83E-F275-4018-987B-648BBD551C52,https://madison.legistar.com/View.ashx?M=M&ID=738042&GUID=95608D36-CD05-4B23-B2AA-4FB71B42CBBD,4/13/2020,16:35,0 days 04:39:00.000000000,Plan Commission
215 073 411,"Transportation Commission: Meeting of April 15, 2020",5:00:00 PM,2020-04-15 16:26:00,2020-04-15 21:49:00,5:22:28,67,Yes,https://madison.legistar.com/View.ashx?M=A&ID=739134&GUID=79242CB5-96C0-4A62-9033-58693D6A2F8F,https://madison.legistar.com/View.ashx?M=M&ID=739134&GUID=79242CB5-96C0-4A62-9033-58693D6A2F8F,4/15/2020,16:26,0 days 05:23:00.000000000,Transportation Commission
726 353 926,"Common Council Executive Committee: Meeting of April 16, 2020",6:00:00 PM,2020-04-16 17:27:00,2020-04-16 20:10:00,2:42:53,38,Yes,https://madison.legistar.com/View.ashx?M=A&ID=774308&GUID=982D207F-C520-4916-8188-F4539F8F7C32,https://madison.legistar.com/View.ashx?M=M&ID=774308&GUID=982D207F-C520-4916-8188-F4539F8F7C32,4/16/2020,17:27,0 days 02:43:00.000000000,Common Council Executive Committee
956 1908 1738,"Common Council Executive Committee: Meeting of April 21, 2020",4:30:00 PM,2020-04-21 15:46:00,2020-04-21 17:10:00,1:24:05,30,Yes,https://madison.legistar.com/View.ashx?M=A&ID=776191&GUID=900B6B83-D7FB-471E-9ACE-B1B929190B18,https://madison.legistar.com/View.ashx?M=M&ID=776191&GUID=900B6B83-D7FB-471E-9ACE-B1B929190B18,4/21/2020,15:46,0 days 01:24:00.000000000,Common Council Executive Committee
223 864 435,"Common Council: Meeting of April 21, 2020",6:30:00 PM,2020-04-21 17:09:00,2020-04-21 22:55:00,5:45:23,60,Yes,https://madison.legistar.com/View.ashx?M=A&ID=715267&GUID=8F6C4C17-206B-418D-893A-75AEEE3B27E5,https://madison.legistar.com/View.ashx?M=M&ID=776191&GUID=900B6B83-D7FB-471E-9ACE-B1B929190B18,4/21/2020,17:09,0 days 05:46:00.000000000,Common Council Executive Committee
833 002 902,"Board of Public Works: Meeting of April 22, 2020",4:30:00 PM,2020-04-22 15:31:00,2020-04-22 19:08:00,3:37:43,48,Yes,https://madison.legistar.com/View.ashx?M=A&ID=718256&GUID=4D3EA821-E4D7-4A25-849F-A1989EF63B9C,https://madison.legistar.com/View.ashx?M=M&ID=718256&GUID=4D3EA821-E4D7-4A25-849F-A1989EF63B9C,4/22/2020,15:31,0 days 03:37:00.000000000,Board of Public Works
860 935 226,"Alcohol License Review Committee: Meeting of April 23, 2020",5:30:00 PM,2020-04-23 16:39:00,2020-04-24 00:58:00,8:19:16,98,Yes,https://madison.legistar.com/View.ashx?M=A&ID=715291&GUID=CE822419-8C6D-42D2-B959-0B2EFE500CDD,https://madison.legistar.com/View.ashx?M=M&ID=715291&GUID=CE822419-8C6D-42D2-B959-0B2EFE500CDD,4/23/2020,16:39,0 days 08:19:00.000000000,Alcohol License Review Committee
351 427 294,"Plan Commission : Meeting of April 27, 2020",5:30:00 PM,2020-04-27 16:28:00,2020-04-27 20:47:00,4:19:10,82,Yes,https://madison.legistar.com/View.ashx?M=A&ID=724484&GUID=EAE2240E-8B57-4EF0-9F74-03C51950E723,https://madison.legistar.com/View.ashx?M=M&ID=724484&GUID=EAE2240E-8B57-4EF0-9F74-03C51950E723,4/27/2020,16:28,0 days 04:19:00.000000000,Plan Commission
649 837 674,Finance Committee,4:30:00 PM,2020-04-28 15:29:00,2020-04-28 18:25:00,2:55:59,40,Yes,https://madison.legistar.com/View.ashx?M=A&ID=726494&GUID=E5CCEE56-8216-45BD-A4AC-3FD0C31BEBF6,https://madison.legistar.com/View.ashx?M=M&ID=726494&GUID=E5CCEE56-8216-45BD-A4AC-3FD0C31BEBF6,4/28/2020,15:29,0 days 02:56:00.000000000,Finance Committee
533 380 868,Urban Design Commission,4:30:00 PM,2020-04-29 15:29:00,2020-04-29 22:03:00,6:33:32,149,Yes,https://madison.legistar.com/View.ashx?M=A&ID=724456&GUID=E59D2809-03E3-49F6-BD1D-591704AAEACD,https://madison.legistar.com/View.ashx?M=M&ID=724456&GUID=E59D2809-03E3-49F6-BD1D-591704AAEACD,4/29/2020,15:29,0 days 06:34:00.000000000,Urban Design Commission
139 008 584,"Landmarks Commission: Meeting of May 4, 2020",5:00:00 PM,2020-05-04 15:55:00,2020-05-04 21:16:00,5:20:23,73,Yes,https://madison.legistar.com/View.ashx?M=A&ID=774355&GUID=82522B88-9F4F-48FD-9F96-95975DDA94EA,https://madison.legistar.com/View.ashx?M=M&ID=774355&GUID=82522B88-9F4F-48FD-9F96-95975DDA94EA,5/4/2020,15:55,0 days 05:21:00.000000000,Landmarks Commission
976 9451 6662,"Madison Area Transportation Policy and Planning Board : Meeting of May 4, 2020",6:00:00 PM,2020-05-04 17:02:00,2020-05-04 22:27:00,5:24:59,58,Yes,https://madison.legistar.com/View.ashx?M=A&ID=782498&GUID=95864EAA-10C1-4866-AA34-C134B80BA5F5,https://madison.legistar.com/View.ashx?M=M&ID=782498&GUID=95864EAA-10C1-4866-AA34-C134B80BA5F5,5/4/2020,17:02,0 days 05:25:00.000000000,MATPB
548 172 690,"Common Council: Meeting of May 5, 2020",6:30:00 PM,2020-05-05 17:32:00,2020-05-05 20:43:00,3:10:54,48,Yes,https://madison.legistar.com/View.ashx?M=A&ID=715268&GUID=9AF3E608-D17A-45DA-821B-D471ADA873D6,https://madison.legistar.com/View.ashx?M=M&ID=715268&GUID=9AF3E608-D17A-45DA-821B-D471ADA873D6,5/5/2020,17:32,0 days 03:11:00.000000000,Common Council Executive Committee
989 9834 0093,"Food Policy Council: Meeting of May 6, 2020",5:30:00 PM,2020-05-06 16:33:00,2020-05-06 19:37:00,3:03:54,45,Yes,https://madison.legistar.com/View.ashx?M=A&ID=783363&GUID=BD1D4E67-732F-4A2A-8283-D63EB2F024CD,https://madison.legistar.com/View.ashx?M=M&ID=783363&GUID=BD1D4E67-732F-4A2A-8283-D63EB2F024CD,5/6/2020,16:33,0 days 03:04:00.000000000,Food Policy Council
906 738 884,"Madison Area Transportation Planning Board: Meeting of May 6, 2020",,2020-05-06 17:27:00,2020-05-06 20:38:00,3:10:51,34,Yes,,,5/6/2020,17:27,0 days 03:11:00.000000000,MATPB
121 909 553,"Plan Commission: Meeting of May 11, 2020",5:30:00 PM,2020-05-11 16:35:00,2020-05-12 00:57:00,8:22:07,261,Yes,https://madison.legistar.com/View.ashx?M=A&ID=724485&GUID=EA96A06D-92BB-4B98-A6F6-E5F683E6F5AE,https://madison.legistar.com/View.ashx?M=M&ID=724485&GUID=EA96A06D-92BB-4B98-A6F6-E5F683E6F5AE,5/11/2020,16:35,0 days 08:22:00.000000000,Plan Commission
939 522 512,"Finance Committee, Meeting of May 12, 2020",4:30:00 PM,2020-05-12 15:34:00,2020-05-12 19:19:00,3:44:51,59,Yes,https://madison.legistar.com/View.ashx?M=A&ID=726495&GUID=8BF0EBC8-EDDD-4BDB-9677-DAFB4AC0A9A4,https://madison.legistar.com/View.ashx?M=M&ID=726495&GUID=8BF0EBC8-EDDD-4BDB-9677-DAFB4AC0A9A4,5/12/2020,15:34,0 days 03:45:00.000000000,Finance Committee
972 1640 6101,"Transportation Commission: Meeting of May 13, 2020",5:00:00 PM,2020-05-13 16:09:00,2020-05-13 21:37:00,5:28:02,40,Yes,https://madison.legistar.com/View.ashx?M=A&ID=739136&GUID=6BC14F10-DCD5-426E-8B92-3DDFFEFDAD38,https://madison.legistar.com/View.ashx?M=M&ID=739136&GUID=6BC14F10-DCD5-426E-8B92-3DDFFEFDAD38,5/13/2020,16:09,0 days 05:28:00.000000000,Transportation Commission
835 979 507,"Board of Park Commissioners: Meeting of May 13, 2020",6:30:00 PM,2020-05-13 17:29:00,2020-05-13 23:20:00,5:50:10,45,Yes,https://madison.legistar.com/View.ashx?M=A&ID=724811&GUID=9BB2E40C-D74D-47B8-BF8D-51756EF32F83,https://madison.legistar.com/View.ashx?M=M&ID=724811&GUID=9BB2E40C-D74D-47B8-BF8D-51756EF32F83,5/13/2020,17:29,0 days 05:51:00.000000000,Board of Park Commissioners
916 4101 8749,"Monona Terrace Community & Convention Center Board: Meeting of May 14, 2020",5:00:00 PM,2020-05-14 14:59:00,2020-05-14 18:21:00,3:22:17,37,Yes,https://madison.legistar.com/View.ashx?M=A&ID=742250&GUID=07763D98-B1F0-46B1-AF0E-25072E61BC4F,https://madison.legistar.com/View.ashx?M=M&ID=742250&GUID=07763D98-B1F0-46B1-AF0E-25072E61BC4F,5/14/2020,14:59,0 days 03:22:00.000000000,Monona Terrace Community & Convention Center Board
993 5233 4556,"Common Council Executive Committee, Meeting of May 14, 2020",6:00:00 PM,2020-05-14 16:42:00,2020-05-14 19:39:00,2:57:03,30,Yes,https://madison.legistar.com/View.ashx?M=A&ID=786779&GUID=82E43E92-0139-49FC-A1E2-A1ED5CAC6989,https://madison.legistar.com/View.ashx?M=M&ID=786779&GUID=82E43E92-0139-49FC-A1E2-A1ED5CAC6989,5/14/2020,16:42,0 days 02:57:00.000000000,Common Council Executive Committee
443 958 481,"Plan Commission: Meeting of May 18, 2020",5:30:00 PM,2020-05-18 16:32:00,2020-05-19 00:58:00,8:26:40,217,Yes,https://madison.legistar.com/View.ashx?M=A&ID=724487&GUID=F226CEA6-6260-42C9-9185-FDF2C98142B8,https://madison.legistar.com/View.ashx?M=M&ID=724487&GUID=F226CEA6-6260-42C9-9185-FDF2C98142B8,5/18/2020,16:32,0 days 08:26:00.000000000,Plan Commission
928 0949 3190,"Task Force on Municipal Golf in Madison Parks: Meeting of May 18, 2020",6:00:00 PM,2020-05-18 17:01:00,2020-05-18 19:59:00,2:57:23,39,Yes,https://madison.legistar.com/View.ashx?M=A&ID=786538&GUID=336930B2-4248-4DB3-87B1-A3FAA7D0758D,https://madison.legistar.com/View.ashx?M=M&ID=786538&GUID=336930B2-4248-4DB3-87B1-A3FAA7D0758D,5/18/2020,17:01,0 days 02:58:00.000000000,Task Force on Golf in Madison Parks
854 797 383,"Common Council Executive Committee Meeting of May 19, 2020",4:30:00 PM,2020-05-19 15:38:00,2020-05-19 17:34:00,1:56:26,33,Yes,https://madison.legistar.com/View.ashx?M=A&ID=724049&GUID=28AFB02B-6DE6-4B44-B1D3-22CE8AA86F87,https://madison.legistar.com/View.ashx?M=M&ID=724049&GUID=28AFB02B-6DE6-4B44-B1D3-22CE8AA86F87,5/19/2020,15:38,0 days 01:56:00.000000000,Common Council Executive Committee
552 344 132,"Common Council: Meeting of May 19, 2020",6:30:00 PM,2020-05-19 17:27:00,2020-05-19 20:33:00,3:06:22,60,Yes,https://madison.legistar.com/View.ashx?M=A&ID=715269&GUID=F4FFAA0F-E7C1-4172-8AC1-33C0878CC57B,https://madison.legistar.com/View.ashx?M=M&ID=715269&GUID=F4FFAA0F-E7C1-4172-8AC1-33C0878CC57B,5/19/2020,17:27,0 days 03:06:00.000000000,Common Council Executive Committee
935 6577 3110,"Board of Public Works: Meeting of May 20, 2020",4:30:00 PM,2020-05-20 15:29:00,2020-05-20 18:58:00,3:28:32,40,Yes,https://madison.legistar.com/View.ashx?M=A&ID=718259&GUID=F301E6A4-B09B-4D3F-9D96-1965C378CCA1,https://madison.legistar.com/View.ashx?M=M&ID=718259&GUID=F301E6A4-B09B-4D3F-9D96-1965C378CCA1,5/20/2020,15:29,0 days 03:29:00.000000000,Board of Public Works
666 426 707,"Alcohol License Review Committee: Meeting of May 20, 2020",4:30:00 PM,2020-05-20 16:28:00,2020-05-20 22:18:00,5:50:16,83,Yes,https://madison.legistar.com/View.ashx?M=A&ID=718259&GUID=F301E6A4-B09B-4D3F-9D96-1965C378CCA1,https://madison.legistar.com/View.ashx?M=M&ID=718259&GUID=F301E6A4-B09B-4D3F-9D96-1965C378CCA1,5/20/2020,16:28,0 days 05:50:00.000000000,Alcohol License Review Committee
176 599 423,"Zoning Board of Appeals Meeting of May 21, 2020",5:00:00 PM,2020-05-21 15:38:00,2020-05-21 18:36:00,2:57:35,18,Yes,https://madison.legistar.com/View.ashx?M=A&ID=749349&GUID=665F112C-D5F0-4A27-9C94-E10935F8AA49,https://madison.legistar.com/View.ashx?M=M&ID=749349&GUID=665F112C-D5F0-4A27-9C94-E10935F8AA49,5/21/2020,15:38,0 days 02:58:00.000000000,Zoning Board of Appeals
949 1863 4933,"Community Development Authority Meeting of May 26, 2020",4:30:00 PM,2020-05-26 15:33:00,2020-05-26 17:35:00,2:02:43,22,Yes,https://madison.legistar.com/View.ashx?M=A&ID=743427&GUID=4D1F7D2D-A1E6-4AF0-8138-1A102746205C,https://madison.legistar.com/View.ashx?M=M&ID=743427&GUID=4D1F7D2D-A1E6-4AF0-8138-1A102746205C,5/26/2020,15:33,0 days 02:02:00.000000000,Common Council Executive Committee
105 805 151,"Urban Design Commission Meeting of May 27, 2020",4:30:00 PM,2020-05-27 15:33:00,2020-05-27 23:05:00,7:31:43,141,Yes,https://madison.legistar.com/View.ashx?M=A&ID=724458&GUID=E9B1E5CB-7478-4B49-B812-A2D6FB136F54,https://madison.legistar.com/View.ashx?M=M&ID=724458&GUID=E9B1E5CB-7478-4B49-B812-A2D6FB136F54,5/27/2020,15:33,0 days 07:32:00.000000000,Urban Design Commission
913 7849 8397,"Alcohol License Review Committee: Meeting of May 27, 2020",5:30:00 PM,2020-05-27 16:17:00,2020-05-27 21:31:00,5:14:10,47,Yes,https://madison.legistar.com/View.ashx?M=A&ID=790252&GUID=2480AEC0-5911-419A-90C5-66E8BA8A9881,https://madison.legistar.com/View.ashx?M=M&ID=790252&GUID=2480AEC0-5911-419A-90C5-66E8BA8A9881,5/27/2020,16:17,0 days 05:14:00.000000000,Alcohol License Review Committee
954 0023 4258,"Alcohol License Review Committee: Meeting of May 28, 2020",6:30:00 PM,2020-05-28 17:30:00,2020-05-28 20:05:00,2:35:01,32,Yes,https://madison.legistar.com/View.ashx?M=A&ID=790253&GUID=3DB20DE4-5C8B-4C79-8DDB-D38E8AE27821,https://madison.legistar.com/View.ashx?M=M&ID=790253&GUID=3DB20DE4-5C8B-4C79-8DDB-D38E8AE27821,5/28/2020,17:30,0 days 02:35:00.000000000,Alcohol License Review Committee
968 0402 1997,"Room Tax Commission Meeting of May 29, 2020",4:00:00 PM,2020-05-29 15:01:00,2020-05-29 19:17:00,4:16:05,33,Yes,https://madison.legistar.com/View.ashx?M=A&ID=789839&GUID=F4A353AB-BB12-477D-B790-DFBB968D7E21,https://madison.legistar.com/View.ashx?M=M&ID=789839&GUID=F4A353AB-BB12-477D-B790-DFBB968D7E21,5/29/2020,15:01,0 days 04:16:00.000000000,Room Tax Commission
916 2725 9506,"Landmarks Commission: Meeting of June 1, 2020",5:00:00 PM,2020-06-01 13:03:00,2020-06-01 19:29:00,6:26:31,48,Yes,https://madison.legistar.com/View.ashx?M=A&ID=721067&GUID=00F28AAB-E3BA-4A15-81FD-7F166B2B0E5A,https://madison.legistar.com/View.ashx?M=M&ID=721067&GUID=00F28AAB-E3BA-4A15-81FD-7F166B2B0E5A,6/1/2020,13:03,0 days 06:26:00.000000000,Landmarks Commission
990 0603 7580,"Common Council: Meeting of June 2, 2020",6:30:00 PM,2020-06-02 15:38:00,2020-06-02 23:01:00,7:22:20,131,Yes,https://madison.legistar.com/View.ashx?M=A&ID=790872&GUID=CB759CA4-BDAB-44B7-BB23-B1DAB72ACF90,https://madison.legistar.com/View.ashx?M=M&ID=790872&GUID=CB759CA4-BDAB-44B7-BB23-B1DAB72ACF90,6/2/2020,15:38,0 days 07:23:00.000000000,Common Council Executive Committee
956 8010 0375,"Common Council Executive Committee Meeting of June 2, 2020",4:30:00 PM,2020-06-02 16:07:00,2020-06-02 17:48:00,1:41:52,39,Yes,https://madison.legistar.com/View.ashx?M=A&ID=724050&GUID=27719B15-0BB2-4B04-896B-E3902462F763,https://madison.legistar.com/View.ashx?M=M&ID=724050&GUID=27719B15-0BB2-4B04-896B-E3902462F763,6/2/2020,16:07,0 days 01:41:00.000000000,Common Council Executive Committee
942 3897 2790,"Board of Public Works: Meeting of June 3, 2020",4:30:00 PM,2020-06-03 15:28:00,2020-06-03 17:20:00,1:52:26,25,Yes,https://madison.legistar.com/View.ashx?M=A&ID=718260&GUID=7FA91889-F9EF-4953-A1CD-074F8276AB64,https://madison.legistar.com/View.ashx?M=M&ID=718260&GUID=7FA91889-F9EF-4953-A1CD-074F8276AB64,6/3/2020,15:28,0 days 01:52:00.000000000,Board of Public Works
922 4816 7942,"Madison Food Policy Council: Meeting of June 3, 2020",5:30:00 PM,2020-06-03 16:50:00,2020-06-03 18:55:00,2:04:22,52,Yes,https://madison.legistar.com/View.ashx?M=A&ID=783364&GUID=DDC61295-E063-40C0-97E1-E6E2ED6645EA,https://madison.legistar.com/View.ashx?M=M&ID=783364&GUID=DDC61295-E063-40C0-97E1-E6E2ED6645EA,6/3/2020,16:50,0 days 02:05:00.000000000,Madison Food Policy Council
991 6972 5895,Community Development Block Grant Committee: Meeting of June 4,5:00:00 PM,2020-06-04 16:50:00,2020-06-04 19:20:00,2:30:17,39,No,https://madison.legistar.com/View.ashx?M=A&ID=737930&GUID=5B591F52-4049-4125-9FB3-1DF6C7201A37,https://madison.legistar.com/View.ashx?M=M&ID=737930&GUID=5B591F52-4049-4125-9FB3-1DF6C7201A37,6/4/2020,16:50,0 days 02:30:00.000000000,Community Development Block Grant Committee
916 8581 5937,Madison Public Library Board,5:00:00 PM,2020-06-04 16:55:00,2020-06-04 18:37:00,1:42:50,47,No,https://madison.legistar.com/View.ashx?M=A&ID=721765&GUID=3E8E11BF-60BF-4E01-B492-D7D1DAD85086,https://madison.legistar.com/View.ashx?M=M&ID=721765&GUID=3E8E11BF-60BF-4E01-B492-D7D1DAD85086,6/4/2020,16:55,0 days 01:42:00.000000000,Madison Public Library Board
985 1715 2979,"Plan Commission: Meeting of June 8, 2020",5:30:00 PM,2020-06-08 16:36:00,2020-06-08 20:26:00,3:50:09,63,Yes,https://madison.legistar.com/View.ashx?M=A&ID=724488&GUID=8B9DEB03-DC91-4DD4-A945-2D75B962C4AB,https://madison.legistar.com/View.ashx?M=M&ID=724488&GUID=8B9DEB03-DC91-4DD4-A945-2D75B962C4AB,6/8/2020,16:36,0 days 03:50:00.000000000,Plan Commission
923 1449 1901,Equal Opportunities Commission Executive Committee Meeting,,2020-06-08 16:46:00,2020-06-08 17:18:00,0:31:36,10,Yes,,,6/8/2020,16:46,0 days 00:32:00.000000000,Equal Opportunities Commission
917 0351 7132,Complete Count Committee,3:00:00 PM,2020-06-09 14:47:00,2020-06-09 16:28:00,1:40:24,18,No,https://madison.legistar.com/View.ashx?M=A&ID=786767&GUID=5D61CB55-63A0-427B-A6B7-360BC655B302,https://madison.legistar.com/View.ashx?M=M&ID=786767&GUID=5D61CB55-63A0-427B-A6B7-360BC655B302,6/9/2020,14:47,0 days 01:41:00.000000000,Complete Count Committee
986 5340 8301,"Finance Committee: Meeting of June 9, 2020",4:30:00 PM,2020-06-09 15:26:00,2020-06-09 19:34:00,4:08:16,70,Yes,https://madison.legistar.com/View.ashx?M=A&ID=726496&GUID=7600C0AB-DA09-4AB0-9781-3938D463E351,https://madison.legistar.com/View.ashx?M=M&ID=726496&GUID=7600C0AB-DA09-4AB0-9781-3938D463E351,6/9/2020,15:26,0 days 04:08:00.000000000,Finance Committee
915 4833 7093,Public Safety Review Committee,5:00:00 PM,2020-06-10 15:55:00,2020-06-10 21:15:00,5:19:37,106,Yes,https://madison.legistar.com/View.ashx?M=A&ID=726590&GUID=BF5D439C-B1B2-4229-BA8E-6A836141F95F,https://madison.legistar.com/View.ashx?M=M&ID=726590&GUID=BF5D439C-B1B2-4229-BA8E-6A836141F95F,6/10/2020,15:55,0 days 05:20:00.000000000,Public Safety Review Committee
952 9959 5041,"Board of Park Commissioners:  Meeting of June 10, 2020",6:30:00 PM,2020-06-10 18:01:00,2020-06-10 22:34:00,4:33:16,128,Yes,https://madison.legistar.com/View.ashx?M=A&ID=724812&GUID=16485608-C321-4E8A-B366-BE40E67598C5,https://madison.legistar.com/View.ashx?M=M&ID=724812&GUID=16485608-C321-4E8A-B366-BE40E67598C5,6/10/2020,18:01,0 days 04:33:00.000000000,Board of Park Commissioners
972 6501 2450,President's Work Group on Council Communication Tools & Processes,12:00:00 PM,2020-06-11 11:38:00,2020-06-11 14:01:00,2:22:56,19,No,https://madison.legistar.com/View.ashx?M=A&ID=791377&GUID=B097D860-95A0-4576-BE4E-002CB5DCC44E,https://madison.legistar.com/View.ashx?M=M&ID=791377&GUID=B097D860-95A0-4576-BE4E-002CB5DCC44E,6/11/2020,11:38,0 days 02:23:00.000000000,President's Work Group on Council Communication Tools & Processes
937 1066 4876,"CDA Board: Meeting of June 11, 2020",4:30:00 PM,2020-06-11 16:22:00,2020-06-11 17:10:00,0:47:49,30,Yes,https://madison.legistar.com/View.ashx?M=A&ID=743428&GUID=65EB7DC4-3193-493D-B714-7E7F5465ADD7,https://madison.legistar.com/View.ashx?M=M&ID=743428&GUID=65EB7DC4-3193-493D-B714-7E7F5465ADD7,6/11/2020,16:22,0 days 00:48:00.000000000,CDA Board
997 5865 3044,Equal Opportunities Commission ,5:00:00 PM,2020-06-11 16:40:00,2020-06-11 20:17:00,3:36:54,38,Yes,https://madison.legistar.com/View.ashx?M=A&ID=769598&GUID=D56D5F76-9F61-4028-8A49-1D25048DCA96,,6/11/2020,16:40,0 days 03:37:00.000000000,Equal Opportunities Commission
973 8980 2291,"Common Council Executive Committee Meeting of June 11, 2020",6:30:00 PM,2020-06-11 17:23:00,2020-06-11 19:27:00,2:03:38,31,Yes,https://madison.legistar.com/View.ashx?M=A&ID=791869&GUID=6E09C313-240C-493D-8193-D545F46D1CF7,https://madison.legistar.com/View.ashx?M=M&ID=791869&GUID=6E09C313-240C-493D-8193-D545F46D1CF7,6/11/2020,17:23,0 days 02:04:00.000000000,Common Council Executive Committee
919 6166 1744,"Transportation Policy and Planning Board : Meeting of June 15, 2020",5:00:00 PM,2020-06-15 16:00:00,2020-06-15 20:08:00,4:08:02,37,Yes,https://madison.legistar.com/View.ashx?M=A&ID=749829&GUID=FE2DDF81-7AA6-411D-8AF8-D225E6130EA0,https://madison.legistar.com/View.ashx?M=M&ID=749829&GUID=FE2DDF81-7AA6-411D-8AF8-D225E6130EA0,6/15/2020,16:00,0 days 04:08:00.000000000,Transportation Policy and Planning Board
946 7187 1095,"BOARD OF BUILDING CODE, FIRE CODE, CONVEYANCE CODE AND LICENSING APPEALS: JUNE 16, 2020",12:15:00 PM,2020-06-16 12:09:00,2020-06-16 12:46:00,0:36:12,27,No,https://madison.legistar.com/View.ashx?M=A&ID=749321&GUID=96C82C24-DAF3-4D94-AFD5-5EB4CE4E5B01,https://madison.legistar.com/View.ashx?M=M&ID=749321&GUID=96C82C24-DAF3-4D94-AFD5-5EB4CE4E5B01,6/16/2020,12:09,0 days 00:37:00.000000000,"Board of Building Code, Fire Code, Conveyance Code and Licensing Appeals"
970 0941 5233,"Common Council Executive Committee: Meeting of June 16, 2020",4:30:00 PM,2020-06-16 15:36:00,2020-06-16 17:20:00,1:43:52,38,Yes,https://madison.legistar.com/View.ashx?M=A&ID=724052&GUID=A7A835BB-861D-4ED0-89CD-2A48AFD813D4,https://madison.legistar.com/View.ashx?M=M&ID=724052&GUID=A7A835BB-861D-4ED0-89CD-2A48AFD813D4,6/16/2020,15:36,0 days 01:44:00.000000000,Common Council Executive Committee
953 0231 4913,"Common Council: Meeting of June 16, 2020",6:30:00 PM,2020-06-16 17:03:00,2020-06-16 22:10:00,5:06:44,147,Yes,https://madison.legistar.com/View.ashx?M=A&ID=715271&GUID=590D1D26-B84A-4840-9B34-310F47CC9B9A,https://madison.legistar.com/View.ashx?M=M&ID=715271&GUID=590D1D26-B84A-4840-9B34-310F47CC9B9A,6/16/2020,17:03,0 days 05:07:00.000000000,Common Council Executive Committee
942 8840 9686,"Board of Public Works: Meeting of June 17, 2020",4:30:00 PM,2020-06-17 15:21:00,2020-06-17 18:11:00,2:50:20,30,Yes,https://madison.legistar.com/View.ashx?M=A&ID=718261&GUID=7B56AB82-2FE8-456D-85DF-270A1D090C2B,https://madison.legistar.com/View.ashx?M=M&ID=718261&GUID=7B56AB82-2FE8-456D-85DF-270A1D090C2B,6/17/2020,15:21,0 days 02:50:00.000000000,Board of Public Works
963 1482 8065,"Economic Development Committee: Meeting of June 17, 2020",5:00:00 PM,2020-06-17 16:29:00,2020-06-17 19:24:00,2:55:17,44,No,https://madison.legistar.com/View.ashx?M=A&ID=763957&GUID=4D61E4F5-AF3B-404F-9347-6119CB058764,https://madison.legistar.com/View.ashx?M=M&ID=763957&GUID=4D61E4F5-AF3B-404F-9347-6119CB058764,6/17/2020,16:29,0 days 02:55:00.000000000,Economic Development Committee
933 0048 5844,"Alcohol License Review Committee: Meeting of June 17, 2020",5:30:00 PM,2020-06-17 16:30:00,2020-06-18 00:20:00,7:49:45,103,Yes,https://madison.legistar.com/View.ashx?M=A&ID=715293&GUID=D6945FA9-707C-4E0C-B61A-F9120FF41C4D,https://madison.legistar.com/View.ashx?M=M&ID=715293&GUID=D6945FA9-707C-4E0C-B61A-F9120FF41C4D,6/17/2020,16:30,0 days 07:50:00.000000000,Alcohol License Review Committee
957 5195 2082,"Madison AreaMadison Area Transportation Planning Board (MPO) Citizen Advisory Committee:  Meeting of June 17, 2020",,2020-06-17 17:15:00,2020-06-17 19:06:00,1:50:29,21,No,,,6/17/2020,17:15,0 days 01:51:00.000000000,MATPB
928 2089 1821,"Monona Terrace Community & Convention Center Board Finance Subcommittee Meeting: June 18, 2020",,2020-06-18 14:33:00,2020-06-18 15:51:00,1:18:23,20,No,,,6/18/2020,14:33,0 days 01:18:00.000000000,Monona Terrace Community & Convention Center Board
987 7370 1271,"Monona Terrace Community & Convention Center Board Meeting: June 18, 2020",4:00:00 PM,2020-06-18 15:51:00,2020-06-18 17:55:00,2:03:13,36,Yes,https://madison.legistar.com/View.ashx?M=A&ID=742253&GUID=DF30E690-E070-4AC4-8FC7-511D5E41C6CE,https://madison.legistar.com/View.ashx?M=M&ID=742253&GUID=DF30E690-E070-4AC4-8FC7-511D5E41C6CE,6/18/2020,15:51,0 days 02:04:00.000000000,Monona Terrace Community & Convention Center Board
936 3625 7346,"PSRC Budget Policy Workgroup: Meeting of June 22, 2020",,2020-06-22 13:11:00,2020-06-22 15:36:00,2:24:41,21,No,,,6/22/2020,13:11,0 days 02:25:00.000000000,PSRC
950 5776 1294,"Finance Committee Meeting of Monday June 22, 2020",4:30:00 PM,2020-06-22 15:35:00,2020-06-22 19:29:00,3:54:19,69,Yes,https://madison.legistar.com/View.ashx?M=A&ID=726497&GUID=4171FD3F-A45B-45F3-BAAF-4C4B7F040302,https://madison.legistar.com/View.ashx?M=M&ID=726497&GUID=4171FD3F-A45B-45F3-BAAF-4C4B7F040302,6/22/2020,15:35,0 days 03:54:00.000000000,Finance Committee
997 8297 6106,"PSRC Protest Policy Review Workgroup: Meeting of June 23, 2020",,2020-06-23 13:40:00,2020-06-23 15:24:00,1:44:18,18,Yes,,,6/23/2020,13:40,0 days 01:44:00.000000000,PSRC
972 0694 4244,"Sustainable Madison Committee Meeting of June 23, 2020",4:30:00 PM,2020-06-23 16:05:00,2020-06-23 20:35:00,4:30:02,117,No,https://madison.legistar.com/View.ashx?M=A&ID=743656&GUID=3B08C705-AD07-4A47-B9CD-3029937F6166,https://madison.legistar.com/View.ashx?M=M&ID=743656&GUID=3B08C705-AD07-4A47-B9CD-3029937F6166,6/23/2020,16:05,0 days 04:30:00.000000000,Sustainable Madison Committee
994 1657 0788,"Water Utility Board: Meeting of June 23, 2020",4:30:00 PM,2020-06-23 16:11:00,2020-06-23 18:31:00,2:20:12,32,Yes,https://madison.legistar.com/View.ashx?M=A&ID=721269&GUID=E62DDC67-0CC2-403E-8381-DCDC8D00D49F,https://madison.legistar.com/View.ashx?M=M&ID=721269&GUID=E62DDC67-0CC2-403E-8381-DCDC8D00D49F,6/23/2020,16:11,0 days 02:20:00.000000000,Water Utility Board
985 1662 4446,"MATPB (MPO) Technical Coordinating Committee:  Meeting of June 24, 2020",,2020-06-24 13:47:00,2020-06-24 15:37:00,1:49:33,51,Yes,,,6/24/2020,13:47,0 days 01:50:00.000000000,MATPB
914 0770 8168,"Transportation Commission: Meeting of June 24, 2020",5:00:00 PM,2020-06-24 15:51:00,2020-06-24 21:08:00,5:16:20,49,Yes,https://madison.legistar.com/View.ashx?M=A&ID=739139&GUID=30B486CD-DBAB-4B64-85CA-4BD1E5BFC5E1,https://madison.legistar.com/View.ashx?M=M&ID=739139&GUID=30B486CD-DBAB-4B64-85CA-4BD1E5BFC5E1,6/24/2020,15:51,0 days 05:17:00.000000000,Transportation Commission
983 9540 8155,"Community Services Committee of June 24, 2020",5:30:00 PM,2020-06-24 17:03:00,2020-06-24 19:38:00,2:34:43,36,No,https://madison.legistar.com/View.ashx?M=A&ID=735826&GUID=5DFEE150-01BA-4662-A6B9-46B21247FA13,https://madison.legistar.com/View.ashx?M=M&ID=735826&GUID=5DFEE150-01BA-4662-A6B9-46B21247FA13,6/24/2020,17:03,0 days 02:35:00.000000000,Community Services Committee
944 8928 6257,"Housing Strategy Committee: Meeting of June 25, 2020",4:30:00 PM,2020-06-25 16:16:00,2020-06-25 19:35:00,3:19:17,82,Yes,https://madison.legistar.com/View.ashx?M=A&ID=722689&GUID=E252637B-D4EC-442A-A3AC-C2167997DE12,https://madison.legistar.com/View.ashx?M=M&ID=722689&GUID=E252637B-D4EC-442A-A3AC-C2167997DE12,6/25/2020,16:16,0 days 03:19:00.000000000,Housing Strategy Committee
944 9999 2300,"Alder Work Group on MPD Oversight: Meeting of June 25th, 2020",5:30:00 PM,2020-06-25 16:19:00,2020-06-25 18:30:00,2:10:48,80,Yes,https://madison.legistar.com/View.ashx?M=A&ID=795100&GUID=3F90E3C4-D99F-4FC5-80CB-C334B4E33765,https://madison.legistar.com/View.ashx?M=M&ID=795100&GUID=3F90E3C4-D99F-4FC5-80CB-C334B4E33765,6/25/2020,16:19,0 days 02:11:00.000000000,Alder Workgroup to Develop Logistics and Operational Details for MPD Independent Civilian Oversight
969 5070 5827,"Common Council Executive Committee: Meeting of June 25, 2020",6:30:00 PM,2020-06-25 17:24:00,2020-06-25 19:46:00,2:22:06,30,Yes,https://madison.legistar.com/View.ashx?M=A&ID=793893&GUID=54EB8A5C-54F8-4AA9-9077-01743E6CEEE3,https://madison.legistar.com/View.ashx?M=M&ID=793893&GUID=54EB8A5C-54F8-4AA9-9077-01743E6CEEE3,6/25/2020,17:24,0 days 02:22:00.000000000,Common Council Executive Committee
912 8082 9232,"Monona Terrace Community & Convention Center Board Executive Subcommittee Meeting: June 26, 2020",,2020-06-26 08:17:00,2020-06-26 10:55:00,2:37:28,15,No,,,6/26/2020,8:17,0 days 02:38:00.000000000,Monona Terrace Community & Convention Center Board
961 4137 7056,"Alder Work Group on MPD Oversight: Meeting of June 29, 2020",5:00:00 PM,2020-06-29 15:54:00,2020-06-29 18:30:00,2:36:21,22,Yes,https://madison.legistar.com/View.ashx?M=A&ID=795777&GUID=FAB35FB7-D781-44EC-83FC-8A3DA57F9744,https://madison.legistar.com/View.ashx?M=M&ID=795777&GUID=FAB35FB7-D781-44EC-83FC-8A3DA57F9744,6/29/2020,15:54,0 days 02:36:00.000000000,Alder Workgroup to Develop Logistics and Operational Details for MPD Independent Civilian Oversight
912 9845 3483,"Plan Commission Meeting of June 29, 2020",5:30:00 PM,2020-06-29 16:17:00,2020-06-30 00:29:00,8:12:36,144,Yes,https://madison.legistar.com/View.ashx?M=A&ID=724489&GUID=CD4468CD-1FCA-4E72-AC4D-5B7A6D249E1A,https://madison.legistar.com/View.ashx?M=M&ID=724489&GUID=CD4468CD-1FCA-4E72-AC4D-5B7A6D249E1A,6/29/2020,16:17,0 days 08:12:00.000000000,Plan Commission
926 6967 3502,Equal Opportunities Commission Executive Committee Meeting,,2020-06-29 17:00:00,2020-06-29 17:30:00,0:30:36,22,Yes,,,6/29/2020,17:00,0 days 00:30:00.000000000,Equal Opportunities Commission
976 1139 2794,Task Force on Golf in Madison Parks,6:00:00 PM,2020-06-29 17:46:00,2020-06-29 20:05:00,2:19:14,57,Yes,https://madison.legistar.com/View.ashx?M=A&ID=786541&GUID=190EC167-BC4A-4E4E-96FF-D6AC85D5135E,https://madison.legistar.com/View.ashx?M=M&ID=786541&GUID=190EC167-BC4A-4E4E-96FF-D6AC85D5135E,6/29/2020,17:46,0 days 02:19:00.000000000,Task Force on Golf in Madison Parks
970 1686 4658,"Monona Terrace Community & Convention Center Board Executive Subcommittee Meeting: June 30, 2020",,2020-06-30 07:28:00,2020-06-30 08:58:00,1:29:45,11,No,,,6/30/2020,7:28,0 days 01:30:00.000000000,Monona Terrace Community & Convention Center Board
967 6975 4334,"Madison Food Policy Council - Food Relief Work Group: Meeting of June 30, 2020",,2020-06-30 10:27:00,2020-06-30 12:00:00,1:32:30,22,No,,,6/30/2020,10:27,0 days 01:33:00.000000000,Madison Food Policy Council
973 2401 8937,"Downtown Coordinating Committee: Meeting of June 30, 2020",4:00:00 PM,2020-06-30 15:09:00,2020-06-30 18:32:00,3:22:49,18,Yes,https://madison.legistar.com/View.ashx?M=A&ID=722828&GUID=568C39FA-6B1F-4577-AFCF-0C4A986E8DF3,https://madison.legistar.com/View.ashx?M=M&ID=722828&GUID=568C39FA-6B1F-4577-AFCF-0C4A986E8DF3,6/30/2020,15:09,0 days 03:23:00.000000000,Downtown Coordinating Committee
912 0543 6816,"Landlord and Tenant Issues Committee: Meeting of June 30, 2020",4:30:00 PM,2020-06-30 16:17:00,2020-06-30 18:02:00,1:44:50,20,No,https://madison.legistar.com/View.ashx?M=A&ID=773238&GUID=DEC9EADD-AF31-46B0-A706-569CF1D067C7,https://madison.legistar.com/View.ashx?M=M&ID=773238&GUID=DEC9EADD-AF31-46B0-A706-569CF1D067C7,6/30/2020,16:17,0 days 01:45:00.000000000,Landlord and Tenant Issues Committee
995 8304 5897,"Madison Food Policy Council - Food Sovereignty and Urban Agriculture Work Group: Meeting of July 1, 2020",,2020-07-01 12:59:00,2020-07-01 14:32:00,1:32:59,27,No,,,7/1/2020,12:59,0 days 01:33:00.000000000,Madison Food Policy Council
991 5555 9377,"Urban Design Commission: Meeting of July 1, 2020",4:30:00 PM,2020-07-01 15:29:00,2020-07-02 01:36:00,10:06:54,233,Yes,https://madison.legistar.com/View.ashx?M=A&ID=724460&GUID=B6693EE9-4D44-4DC0-9A98-AE613DA9B51D,https://madison.legistar.com/View.ashx?M=M&ID=724460&GUID=B6693EE9-4D44-4DC0-9A98-AE613DA9B51D,7/1/2020,15:29,0 days 10:07:00.000000000,Urban Design Commission
966 2828 3100,"Madison Area Transportation Planning Board:  Meeting of July 1, 2020",,2020-07-01 18:09:00,2020-07-01 21:07:00,2:57:47,41,Yes,,,7/1/2020,18:09,0 days 02:58:00.000000000,MATPB
931 4857 1615,"PSRC Subcommittee Budget Workgroup: Meeting of July 2, 2020",,2020-07-02 09:44:00,2020-07-02 11:31:00,1:47:15,15,Yes,,,7/2/2020,9:44,0 days 01:47:00.000000000,PSRC
991 2633 6632,"Body-Worn Camera Feasibility Review Committee: Meeting of July 2, 2020",5:30:00 PM,2020-07-02 16:12:00,2020-07-02 19:12:00,2:59:20,19,Yes,https://madison.legistar.com/View.ashx?M=A&ID=795997&GUID=4F09F194-D7F2-48BF-9B9A-99732080095B,https://madison.legistar.com/View.ashx?M=M&ID=795997&GUID=4F09F194-D7F2-48BF-9B9A-99732080095B,7/2/2020,16:12,0 days 03:00:00.000000000,Body-Worn Camera Feasibility Review Committee
916 1123 7662,"Madison Public Library Board: Meeting of July 2, 2020",5:00:00 PM,2020-07-02 16:55:00,2020-07-02 21:02:00,4:07:08,208,No,https://madison.legistar.com/View.ashx?M=A&ID=721766&GUID=830BF876-C505-45FB-90E0-AFC4E09CAD7C,https://madison.legistar.com/View.ashx?M=M&ID=721766&GUID=830BF876-C505-45FB-90E0-AFC4E09CAD7C,7/2/2020,16:55,0 days 04:07:00.000000000,Madison Public Library Board
948 7560 8662,"Affirmative Action Commission: Meeting of July 2, 2020",5:30:00 PM,2020-07-02 17:14:00,2020-07-02 19:25:00,2:10:58,25,No,https://madison.legistar.com/View.ashx?M=A&ID=736872&GUID=9B2EC2F1-10E2-4890-8DEC-B8BCC1944374,https://madison.legistar.com/View.ashx?M=M&ID=736872&GUID=9B2EC2F1-10E2-4890-8DEC-B8BCC1944374,7/2/2020,17:14,0 days 02:11:00.000000000,Affirmative Action Commission
917 2695 4899,"Alder Workgroup to Develop Logistics & Operational Details for MPD Independent Civilian Oversight: Meeting of July 3rd, 2020",12:00:00 PM,2020-07-03 11:39:00,2020-07-03 13:39:00,1:59:48,44,Yes,https://madison.legistar.com/View.ashx?M=A&ID=795996&GUID=A39748A1-3975-462A-A601-29B3FF3D36B2,https://madison.legistar.com/View.ashx?M=M&ID=795996&GUID=A39748A1-3975-462A-A601-29B3FF3D36B2,7/3/2020,11:39,0 days 02:00:00.000000000,Alder Workgroup to Develop Logistics and Operational Details for MPD Independent Civilian Oversight
925 5988 7137,"Board of Building Code, Fire Code, Conveyance Code and Licensing Appeals: Meeting of July 6, 2020",12:30:00 PM,2020-07-06 12:22:00,2020-07-06 13:31:00,1:08:27,32,Yes,https://madison.legistar.com/View.ashx?M=A&ID=796408&GUID=733AF8FF-B928-48D3-A0AD-D1B174493D27,https://madison.legistar.com/View.ashx?M=M&ID=796408&GUID=733AF8FF-B928-48D3-A0AD-D1B174493D27,7/6/2020,12:22,0 days 01:09:00.000000000,"Board of Building Code, Fire Code, Conveyance Code and Licensing Appeals"
939 9858 4925,"Transportation Policy & Planning Board Meeting of July 6, 2020",5:00:00 PM,2020-07-06 15:59:00,2020-07-06 19:40:00,3:41:25,34,Yes,https://madison.legistar.com/View.ashx?M=A&ID=749830&GUID=803A4145-E9F7-41C2-AA03-269ACF4CF253,https://madison.legistar.com/View.ashx?M=M&ID=749830&GUID=803A4145-E9F7-41C2-AA03-269ACF4CF253,7/6/2020,15:59,0 days 03:41:00.000000000,Transportation Policy and Planning Board
910 5742 1546,"PSRC Workgroup on Madison Police Department Policies: Meeting of July 7, 2020",,2020-07-07 10:41:00,2020-07-07 12:39:00,1:57:53,17,Yes,,,7/7/2020,10:41,0 days 01:58:00.000000000,PSRC
933 5373 5017,"Room Tax Commission Meeting of July 7, 2020",4:00:00 PM,2020-07-07 14:29:00,2020-07-07 17:06:00,2:36:33,35,Yes,https://madison.legistar.com/View.ashx?M=A&ID=793802&GUID=09646545-B09B-482D-A5D1-F11601D0656C,,7/7/2020,14:29,0 days 02:37:00.000000000,Room Tax Commission
989 5726 9347,"Madison Food Policy Council - Food Recovery and Resilience Work Group: Meeting of July 7, 2020",,2020-07-07 15:56:00,2020-07-07 17:30:00,1:34:27,18,No,,,7/7/2020,15:56,0 days 01:34:00.000000000,Madison Food Policy Council
977 5910 9709,"Madison Arts Commission: Meeting of July 7, 2020",6:00:00 PM,2020-07-07 17:40:00,2020-07-07 19:54:00,2:13:49,47,No,https://madison.legistar.com/View.ashx?M=A&ID=747086&GUID=7946FBDC-8663-481D-9052-2ACA32BD804D,https://madison.legistar.com/View.ashx?M=M&ID=747086&GUID=7946FBDC-8663-481D-9052-2ACA32BD804D,7/7/2020,17:40,0 days 02:14:00.000000000,Madison Arts Commission
926 6538 2299,"Board of Public Works: Meeting of July 8, 2020",4:30:00 PM,2020-07-08 15:30:00,2020-07-08 17:54:00,2:24:41,41,Yes,https://madison.legistar.com/View.ashx?M=A&ID=718262&GUID=93425397-86DB-488D-BA56-85A23D2833D2,https://madison.legistar.com/View.ashx?M=M&ID=718262&GUID=93425397-86DB-488D-BA56-85A23D2833D2,7/8/2020,15:30,0 days 02:24:00.000000000,Board of Public Works
985 9127 9660,"Public Safety Review Committee: Meeting of July 8, 2020",5:00:00 PM,2020-07-08 16:17:00,2020-07-08 19:46:00,3:28:31,23,Yes,https://madison.legistar.com/View.ashx?M=A&ID=726591&GUID=BBE03B4E-C319-4F4D-8030-6756798E23BE,https://madison.legistar.com/View.ashx?M=M&ID=726591&GUID=BBE03B4E-C319-4F4D-8030-6756798E23BE,7/8/2020,16:17,0 days 03:29:00.000000000,Public Safety Review Committee
911 1158 2783,"Alder Workgroup to Develop Logistics & Operational Details for MPD Independent Civilian Oversight: Meeting of July 8th, 2020",5:30:00 PM,2020-07-08 17:01:00,2020-07-08 20:11:00,3:09:34,42,Yes,https://madison.legistar.com/View.ashx?M=A&ID=796553&GUID=5E55D7CB-B852-4989-A026-0CC10D489366,https://madison.legistar.com/View.ashx?M=M&ID=796553&GUID=5E55D7CB-B852-4989-A026-0CC10D489366,7/8/2020,17:01,0 days 03:10:00.000000000,Alder Workgroup to Develop Logistics and Operational Details for MPD Independent Civilian Oversight
973 3618 9807,"Madison Food Policy Council: Meeting of July 8, 2020",5:30:00 PM,2020-07-08 17:27:00,2020-07-08 19:49:00,2:22:36,82,No,https://madison.legistar.com/View.ashx?M=A&ID=791220&GUID=3BE523CF-C190-4EE3-8ACD-1A79FF812CBC,https://madison.legistar.com/View.ashx?M=M&ID=791220&GUID=3BE523CF-C190-4EE3-8ACD-1A79FF812CBC,7/8/2020,17:27,0 days 02:22:00.000000000,Madison Food Policy Council
941 0083 3268,"Board of Park Commissioners:  Meeting of July 8, 2020",6:30:00 PM,2020-07-08 17:52:00,2020-07-08 21:14:00,3:22:40,40,Yes,https://madison.legistar.com/View.ashx?M=A&ID=724813&GUID=13084486-FB99-4C86-885F-0D6FB1327CCE,https://madison.legistar.com/View.ashx?M=M&ID=724813&GUID=13084486-FB99-4C86-885F-0D6FB1327CCE,7/8/2020,17:52,0 days 03:22:00.000000000,Board of Park Commissioners
983 7538 6973,"President's Work Group on Council Communication Tools & Processes: Meeting of July 9, 2020",12:00:00 PM,2020-07-09 11:47:00,2020-07-09 13:51:00,2:03:18,20,No,https://madison.legistar.com/View.ashx?M=A&ID=794971&GUID=41B68BC4-BC95-4ED5-9DA1-F9A2B92986F8,https://madison.legistar.com/View.ashx?M=M&ID=794971&GUID=41B68BC4-BC95-4ED5-9DA1-F9A2B92986F8,7/9/2020,11:47,0 days 02:04:00.000000000,President's Work Group on Council Communication Tools & Processes
999 0038 9670,"Community Development Authority Board: Meeting of July 9, 2020",4:00:00 PM,2020-07-09 15:35:00,2020-07-09 16:48:00,1:12:32,32,No,https://madison.legistar.com/View.ashx?M=A&ID=743429&GUID=3643EE12-16A1-4A41-992F-E31746613384,https://madison.legistar.com/View.ashx?M=M&ID=743429&GUID=3643EE12-16A1-4A41-992F-E31746613384,7/9/2020,15:35,0 days 01:13:00.000000000,Community Development Authority Board
916 4055 1885,"Madison Public Library Board: Special Meeting of July 9, 2020",5:00:00 PM,2020-07-09 16:29:00,2020-07-09 20:00:00,3:30:37,255,Yes,https://madison.legistar.com/View.ashx?M=A&ID=796560&GUID=758F53AE-D432-4F05-9EF8-6C7ABB49782C,https://madison.legistar.com/View.ashx?M=M&ID=796560&GUID=758F53AE-D432-4F05-9EF8-6C7ABB49782C,7/9/2020,16:29,0 days 03:31:00.000000000,Madison Public Library Board
970 1293 5691,"Equal Opportunities Commission: Meeting of July 9, 2020",5:00:00 PM,2020-07-09 16:33:00,2020-07-09 19:51:00,3:17:44,48,Yes,https://madison.legistar.com/View.ashx?M=A&ID=795594&GUID=E7F04D2A-CF87-47E4-832F-39B55EAA05FD,https://madison.legistar.com/View.ashx?M=M&ID=795594&GUID=E7F04D2A-CF87-47E4-832F-39B55EAA05FD,7/9/2020,16:33,0 days 03:18:00.000000000,Equal Opportunities Commission
982 6022 6371,"Ad Hoc Task Force on the Structure of City Government (TFOGS) Final Report Implementation Work Group: Meeting of July 10, 2020",3:15:00 PM,2020-07-10 14:59:00,2020-07-10 16:37:00,1:38:35,21,Yes,https://madison.legistar.com/View.ashx?M=A&ID=796555&GUID=A8AAD2AB-082A-4C08-A054-6994CC7DF5FF,https://madison.legistar.com/View.ashx?M=M&ID=796555&GUID=A8AAD2AB-082A-4C08-A054-6994CC7DF5FF,7/10/2020,14:59,0 days 01:38:00.000000000,Ad Hoc Task Force on the Structure of City Government (TFOGS) Final Report Implementation Work Group
964 5637 3361,"Alder Workgroup to Develop Logistics and Operational Details for MPD Independent Civilian Oversight: Meeting of July 11, 2020",8:30:00 AM,2020-07-11 08:05:00,2020-07-11 10:53:00,2:47:47,47,Yes,https://madison.legistar.com/View.ashx?M=A&ID=796554&GUID=E3F362CD-6B7E-407B-BDFC-102E5BCC3B7C,https://madison.legistar.com/View.ashx?M=M&ID=796554&GUID=E3F362CD-6B7E-407B-BDFC-102E5BCC3B7C,7/11/2020,8:05,0 days 02:48:00.000000000,Alder Workgroup to Develop Logistics and Operational Details for MPD Independent Civilian Oversight
937 7195 3630,"TC Agenda Setting: Meeting of July 13, 2020",,2020-07-13 13:55:00,2020-07-13 15:09:00,1:14:30,9,No,,,7/13/2020,13:55,0 days 01:14:00.000000000,Traffic Calming Subcommittee
932 9604 2201,"Landmarks Commission: Meeting of July 13, 2020",5:00:00 PM,2020-07-13 16:02:00,2020-07-13 19:52:00,3:50:03,82,Yes,https://madison.legistar.com/View.ashx?M=A&ID=721069&GUID=341B249C-24B2-4BFD-BE90-EDDA61DE39F3,https://madison.legistar.com/View.ashx?M=M&ID=721069&GUID=341B249C-24B2-4BFD-BE90-EDDA61DE39F3,7/13/2020,16:02,0 days 03:50:00.000000000,Landmarks Commission
987 5854 8236,"Plan Commission Meeting of July 13, 2020",5:30:00 PM,2020-07-13 16:40:00,2020-07-13 22:56:00,6:15:30,117,Yes,https://madison.legistar.com/View.ashx?M=A&ID=724490&GUID=53A818DF-2574-47CF-82D4-3543B4F4350B,https://madison.legistar.com/View.ashx?M=M&ID=724490&GUID=53A818DF-2574-47CF-82D4-3543B4F4350B,7/13/2020,16:40,0 days 06:16:00.000000000,Plan Commission
990 1241 5336,"Alder Workgroup to Develop Logistics and Operational Details for MPD Independent Civilian Oversight: Meeting of July 13, 2020",6:30:00 PM,2020-07-13 18:18:00,2020-07-13 21:02:00,2:43:52,67,Yes,https://madison.legistar.com/View.ashx?M=A&ID=796973&GUID=170EE458-EC42-4346-AB86-931E9E5C3E3D,https://madison.legistar.com/View.ashx?M=M&ID=796973&GUID=170EE458-EC42-4346-AB86-931E9E5C3E3D,7/13/2020,18:18,0 days 02:44:00.000000000,Alder Workgroup to Develop Logistics and Operational Details for MPD Independent Civilian Oversight
986 0935 4663,City-Wide Violence Meeting,,2020-07-14 09:17:00,2020-07-14 10:28:00,1:11:01,19,No,,,7/14/2020,9:17,0 days 01:11:00.000000000,City-Wide Violence Meeting
976 5585 4386,"Common Council Executive Committee: Meeting of July 14, 2020",4:30:00 PM,2020-07-14 15:32:00,2020-07-14 17:24:00,1:51:50,40,Yes,https://madison.legistar.com/View.ashx?M=A&ID=724053&GUID=4732DE95-728B-4006-A0B2-9BE2009803CE,https://madison.legistar.com/View.ashx?M=M&ID=724053&GUID=4732DE95-728B-4006-A0B2-9BE2009803CE,7/14/2020,15:32,0 days 01:52:00.000000000,Common Council Executive Committee
923 0770 4452,"Common Council: Meeting of July 14, 2020",6:30:00 PM,2020-07-14 17:22:00,2020-07-14 22:32:00,5:09:50,111,Yes,https://madison.legistar.com/View.ashx?M=A&ID=715272&GUID=087DBBEB-9AD3-4605-897F-E31CA96F0C5B,https://madison.legistar.com/View.ashx?M=M&ID=715272&GUID=087DBBEB-9AD3-4605-897F-E31CA96F0C5B,7/14/2020,17:22,0 days 05:10:00.000000000,Common Council Executive Committee
982 5740 5761,"PSRC - Budget Subcommittee: Meeting of July 15, 2020",,2020-07-15 10:42:00,2020-07-15 12:59:00,2:17:16,20,Yes,,,7/15/2020,10:42,0 days 02:17:00.000000000,PSRC
995 6622 1017,"Transportation Policy & Planning Board Meeting of July 15, 2020",5:00:00 PM,2020-07-15 16:07:00,2020-07-15 19:29:00,3:21:16,24,Yes,https://madison.legistar.com/View.ashx?M=A&ID=749831&GUID=96A0D07E-67EF-4BB3-84F6-D754645B3A0E,https://madison.legistar.com/View.ashx?M=M&ID=749831&GUID=96A0D07E-67EF-4BB3-84F6-D754645B3A0E,7/15/2020,16:07,0 days 03:22:00.000000000,Transportation Policy and Planning Board
973 1075 5470,"Alcohol License Review Committee: Meeting of July 15, 2020",5:30:00 PM,2020-07-15 16:17:00,2020-07-15 21:16:00,4:58:50,61,Yes,https://madison.legistar.com/View.ashx?M=A&ID=715294&GUID=3CAEF31F-7BCC-4E44-BA5C-F122380D920C,https://madison.legistar.com/View.ashx?M=M&ID=715294&GUID=3CAEF31F-7BCC-4E44-BA5C-F122380D920C,7/15/2020,16:17,0 days 04:59:00.000000000,Alcohol License Review Committee
988 5318 1950,"Task Force on Municipal Golf in Madison Parks: Meeting of July 15, 2020 ",6:00:00 PM,2020-07-15 17:32:00,2020-07-15 20:46:00,3:13:17,109,Yes,https://madison.legistar.com/View.ashx?M=A&ID=795072&GUID=FD956891-21DB-4718-961C-739D9A92714A,https://madison.legistar.com/View.ashx?M=M&ID=795072&GUID=FD956891-21DB-4718-961C-739D9A92714A,7/15/2020,17:32,0 days 03:14:00.000000000,Task Force on Golf in Madison Parks
993 3085 3329,"PSRC Subcommittee on Madison Police Department Policies: Meeting of July 15, 2020",,2020-07-15 17:42:00,2020-07-15 20:13:00,2:31:15,75,Yes,,,7/15/2020,17:42,0 days 02:31:00.000000000,PSRC
936 9241 7607,"President's Work Group on Council Communication Tools & Processes: Meeting of July 16, 2020",,2020-07-16 11:44:00,2020-07-16 13:46:00,2:01:48,23,No,,,7/16/2020,11:44,0 days 02:02:00.000000000,President's Work Group on Council Communication Tools & Processes
995 4742 5741,"Monona Terrace Community & Convention Center Board Finance Subcommittee: Meeting of July 16, 2020",,2020-07-16 14:32:00,2020-07-16 15:51:00,1:19:01,19,No,,,7/16/2020,14:32,0 days 01:19:00.000000000,Monona Terrace Community & Convention Center Board
983 8623 8644,"Monona Terrace Community & Convention Center Board: Meeting of July 16, 2020",4:00:00 PM,2020-07-16 15:53:00,2020-07-16 17:17:00,1:24:07,35,Yes,https://madison.legistar.com/View.ashx?M=A&ID=742254&GUID=7F9A9E72-CF9A-412D-98FB-15CA65A23D7C,https://madison.legistar.com/View.ashx?M=M&ID=742254&GUID=7F9A9E72-CF9A-412D-98FB-15CA65A23D7C,7/16/2020,15:53,0 days 01:24:00.000000000,Monona Terrace Community & Convention Center Board
973 9437 3698,"CDBG Committee: Meeting of July 16, 2020",5:30:00 PM,2020-07-16 16:36:00,2020-07-16 20:01:00,3:24:20,35,No,https://madison.legistar.com/View.ashx?M=A&ID=737931&GUID=F2020396-E9A2-4480-A236-13518E7158D7,https://madison.legistar.com/View.ashx?M=M&ID=737931&GUID=F2020396-E9A2-4480-A236-13518E7158D7,7/16/2020,16:36,0 days 03:25:00.000000000,CDBG Committee
989 5389 2334,"Traffic Calming Subcommittee: Meeting of July 16, 2020",,2020-07-16 16:43:00,2020-07-16 18:08:00,1:25:15,26,Yes,,,7/16/2020,16:43,0 days 01:25:00.000000000,Traffic Calming Subcommittee
981 5935 7182,"Body-Worn Camera Feasibility Review Committee: Meeting of July 16, 2020",5:30:00 PM,2020-07-16 17:06:00,2020-07-16 19:30:00,2:23:38,35,Yes,https://madison.legistar.com/View.ashx?M=A&ID=796978&GUID=9B49CB0F-65D6-4D70-A57F-7067319C6439,https://madison.legistar.com/View.ashx?M=M&ID=796978&GUID=9B49CB0F-65D6-4D70-A57F-7067319C6439,7/16/2020,17:06,0 days 02:24:00.000000000,Body-Worn Camera Feasibility Review Committee
966 3015 2015,"Finance Committee: Meeting of July 20, 2020",4:30:00 PM,2020-07-20 15:31:00,2020-07-20 20:06:00,4:35:05,75,Yes,https://madison.legistar.com/View.ashx?M=A&ID=726498&GUID=43766632-BA0A-4AAB-9854-B015D2A4A735,https://madison.legistar.com/View.ashx?M=M&ID=726498&GUID=43766632-BA0A-4AAB-9854-B015D2A4A735,7/20/2020,15:31,0 days 04:35:00.000000000,Finance Committee
937 8710 5517,"Board of Building Code, Fire Code, Conveyance Code and Licensing Appeals: Meeting of July 21, 2020 ",12:15:00 PM,2020-07-21 12:18:00,2020-07-21 12:58:00,0:39:57,30,Yes,https://madison.legistar.com/View.ashx?M=A&ID=749322&GUID=EA4383F7-F3FC-42F6-A3F8-B4AF7C05FA7F,https://madison.legistar.com/View.ashx?M=M&ID=749322&GUID=EA4383F7-F3FC-42F6-A3F8-B4AF7C05FA7F,7/21/2020,12:18,0 days 00:40:00.000000000,"Board of Building Code, Fire Code, Conveyance Code and Licensing Appeals"
932 3090 7768,"Common Council Executive Committee: Meeting of July 21, 2020",4:30:00 PM,2020-07-21 15:29:00,2020-07-21 17:34:00,2:04:19,23,Yes,https://madison.legistar.com/View.ashx?M=A&ID=797783&GUID=6B87DE43-EB66-469B-8ADB-A00827585913,https://madison.legistar.com/View.ashx?M=M&ID=797783&GUID=6B87DE43-EB66-469B-8ADB-A00827585913,7/21/2020,15:29,0 days 02:05:00.000000000,Common Council Executive Committee
974 8378 7592,"Common Council: Meeting of July 21, 2020",6:30:00 PM,2020-07-21 17:28:00,2020-07-22 02:21:00,8:53:05,195,Yes,https://madison.legistar.com/View.ashx?M=A&ID=715273&GUID=DB3C6CFB-A210-4C42-B1C6-243ED90E28B1,https://madison.legistar.com/View.ashx?M=M&ID=715273&GUID=DB3C6CFB-A210-4C42-B1C6-243ED90E28B1,7/21/2020,17:28,0 days 08:53:00.000000000,Common Council Executive Committee
932 6441 2313,"Personnel Board: Meeting of July 22, 2020",3:30:00 PM,2020-07-22 15:08:00,2020-07-22 16:43:00,1:34:22,60,No,https://madison.legistar.com/View.ashx?M=A&ID=754443&GUID=50B77E25-1B47-4DB3-A42E-6F6BE41E8A92,https://madison.legistar.com/View.ashx?M=M&ID=754443&GUID=50B77E25-1B47-4DB3-A42E-6F6BE41E8A92,7/22/2020,15:08,0 days 01:35:00.000000000,Personnel Board
965 9829 7217,"Board of Public Works: Meeting of July 22, 2020",4:30:00 PM,2020-07-22 15:29:00,2020-07-22 17:33:00,2:03:47,30,Yes,https://madison.legistar.com/View.ashx?M=A&ID=718263&GUID=E7F35CB3-961F-4BBE-AEC0-B4C1F5460C35,https://madison.legistar.com/View.ashx?M=M&ID=718263&GUID=E7F35CB3-961F-4BBE-AEC0-B4C1F5460C35,7/22/2020,15:29,0 days 02:04:00.000000000,Board of Public Works
918 6671 3991,"Transportation Commission: Meeting of July 22, 2020",5:00:00 PM,2020-07-22 16:01:00,2020-07-22 21:25:00,5:24:36,60,Yes,https://madison.legistar.com/View.ashx?M=A&ID=739141&GUID=F4554A3E-FC89-4C6D-9DFE-0BED51CEA76A,https://madison.legistar.com/View.ashx?M=M&ID=739141&GUID=F4554A3E-FC89-4C6D-9DFE-0BED51CEA76A,7/22/2020,16:01,0 days 05:24:00.000000000,Transportation Commission
994 4000 1367,"President's Work Group on Council Communication Tools & Processes: Meeting of July 23, 2020",12:00:00 PM,2020-07-23 11:39:00,2020-07-23 14:04:00,2:24:45,16,No,https://madison.legistar.com/View.ashx?M=A&ID=794973&GUID=4419FFBF-1002-4CDB-B799-A444E6666E7F,https://madison.legistar.com/View.ashx?M=M&ID=794973&GUID=4419FFBF-1002-4CDB-B799-A444E6666E7F,7/23/2020,11:39,0 days 02:25:00.000000000,President's Work Group on Council Communication Tools & Processes
918 4519 8272,"Madison Food Policy Council - Pandemic Food Access Work Group: Meeting of July 23, 2020",,2020-07-23 12:28:00,2020-07-23 13:51:00,1:23:03,14,No,,,7/23/2020,12:28,0 days 01:23:00.000000000,Madison Food Policy Council
977 3088 2043,"Housing Strategy Committee: Meeting of July 23, 2020",4:30:00 PM,2020-07-23 15:22:00,2020-07-23 18:24:00,3:02:01,35,No,https://madison.legistar.com/View.ashx?M=A&ID=798128&GUID=26211B73-BFEC-483D-BD1E-B7542E64B62C,https://madison.legistar.com/View.ashx?M=M&ID=798128&GUID=26211B73-BFEC-483D-BD1E-B7542E64B62C,7/23/2020,15:22,0 days 03:02:00.000000000,Housing Strategy Committee
918 5806 3820,"Alder Workgroup to Develop Logistical and Operational Details for MPD Independent Civilian Oversight: Meeting of July 23, 2020",5:00:00 PM,2020-07-23 16:32:00,2020-07-23 20:13:00,3:40:40,56,Yes,https://madison.legistar.com/View.ashx?M=A&ID=796974&GUID=005E0FD6-A2FF-4E72-A599-0E650A12B575,https://madison.legistar.com/View.ashx?M=M&ID=796974&GUID=005E0FD6-A2FF-4E72-A599-0E650A12B575,7/23/2020,16:32,0 days 03:41:00.000000000,Alder Workgroup to Develop Logistics and Operational Details for MPD Independent Civilian Oversight
948 9868 2730,"Task Force on Municipal Golf in Madison Parks: Meeting of July 23, 2020",6:00:00 PM,2020-07-23 17:39:00,2020-07-23 21:11:00,3:32:00,78,Yes,https://madison.legistar.com/View.ashx?M=A&ID=797919&GUID=1C52CF36-1F3B-4BB3-9A4F-E954ACD8D49E,https://madison.legistar.com/View.ashx?M=M&ID=797919&GUID=1C52CF36-1F3B-4BB3-9A4F-E954ACD8D49E,7/23/2020,17:39,0 days 03:32:00.000000000,Task Force on Golf in Madison Parks
999 8685 3080,"Ad Hoc Task Force on the Structure of City Government (TFOGS) Final Report Implementation Work Group: Meeting of July 24, 2020",3:15:00 PM,2020-07-24 14:55:00,2020-07-24 17:00:00,2:05:29,21,Yes,https://madison.legistar.com/View.ashx?M=A&ID=796977&GUID=923C7D3D-D33B-49B3-B240-C11C41C72F0F,https://madison.legistar.com/View.ashx?M=M&ID=796977&GUID=923C7D3D-D33B-49B3-B240-C11C41C72F0F,7/24/2020,14:55,0 days 02:05:00.000000000,Ad Hoc Task Force on the Structure of City Government (TFOGS) Final Report Implementation Work Group
948 2012 0634,"Alder Workgroup to Develop Logistical and Operational Details for MPD Independent Civilian Oversight: Meeting of July 27, 2020",12:30:00 PM,2020-07-27 11:54:00,2020-07-27 14:26:00,2:31:37,56,Yes,https://madison.legistar.com/View.ashx?M=A&ID=796975&GUID=BE542EB0-723A-41CC-AEE0-151798AA001F,https://madison.legistar.com/View.ashx?M=M&ID=796975&GUID=BE542EB0-723A-41CC-AEE0-151798AA001F,7/27/2020,11:54,0 days 02:32:00.000000000,Alder Workgroup to Develop Logistics and Operational Details for MPD Independent Civilian Oversight
915 2619 5867,"Finance Committee: Meeting of July 27, 2020",4:30:00 PM,2020-07-27 15:28:00,2020-07-27 17:38:00,2:09:48,50,Yes,https://madison.legistar.com/View.ashx?M=A&ID=726508&GUID=49AAC152-C1E5-4EAC-8AE3-8E934F487555,https://madison.legistar.com/View.ashx?M=M&ID=726508&GUID=49AAC152-C1E5-4EAC-8AE3-8E934F487555,7/27/2020,15:28,0 days 02:10:00.000000000,Finance Committee
925 7329 5120,"Sustainable Madison Committee: Meeting of July 27, 2020",4:30:00 PM,2020-07-27 16:13:00,2020-07-27 19:00:00,2:46:14,28,No,https://madison.legistar.com/View.ashx?M=A&ID=649137&GUID=F00B12ED-1E27-4F3C-958D-735F9DED174E,https://madison.legistar.com/View.ashx?M=M&ID=649137&GUID=F00B12ED-1E27-4F3C-958D-735F9DED174E,7/27/2020,16:13,0 days 02:47:00.000000000,Sustainable Madison Committee
948 3124 2864,"Plan Commission: Meeting of July 27, 2020",5:30:00 PM,2020-07-27 16:33:00,2020-07-27 23:11:00,6:38:14,95,Yes,https://madison.legistar.com/View.ashx?M=A&ID=724491&GUID=8EE66FD0-94CC-4D87-A9F1-FD2303FD4D09,https://madison.legistar.com/View.ashx?M=M&ID=724491&GUID=8EE66FD0-94CC-4D87-A9F1-FD2303FD4D09,7/27/2020,16:33,0 days 06:38:00.000000000,Plan Commission
912 8792 1449,"Water Utility Board:  Meeting of July 28, 2020",4:30:00 PM,2020-07-28 16:04:00,2020-07-28 18:32:00,2:28:03,27,Yes,https://madison.legistar.com/View.ashx?M=A&ID=721270&GUID=1280D508-FB49-449B-9592-325790DE9D4E,https://madison.legistar.com/View.ashx?M=M&ID=721270&GUID=1280D508-FB49-449B-9592-325790DE9D4E,7/28/2020,16:04,0 days 02:28:00.000000000,Water Utility Board
945 8822 7379,"Public Safety Review Committee Policy Subcommittee: Meeting of July 28, 2020",,2020-07-28 17:39:00,2020-07-28 19:28:00,1:49:34,17,Yes,,,7/28/2020,17:39,0 days 01:49:00.000000000,Public Safety Review Committee
993 8795 0288,"Food Systems Recovery and Resilience Work Group: Meeting of July 29, 2020",,2020-07-29 15:29:00,2020-07-29 17:05:00,1:36:15,25,No,,,7/29/2020,15:29,0 days 01:36:00.000000000,Food Systems Recovery and Resilience Work Group
961 4325 3146,"Urban Design Commission: Meeting of July 29, 2020",4:30:00 PM,2020-07-29 15:34:00,2020-07-29 20:27:00,4:53:04,74,Yes,https://madison.legistar.com/View.ashx?M=A&ID=724462&GUID=100E90A2-F8E9-4FA0-BAA8-9EBB822DC561,,7/29/2020,15:34,0 days 04:53:00.000000000,Urban Design Commission
930 2908 4867,"Alder Workgroup to Develop the Logistical and Operational Details for MPD Independent Civilian Oversight: Meeting of July 29, 2020",5:00:00 PM,2020-07-29 16:18:00,2020-07-29 21:09:00,4:50:53,70,Yes,https://madison.legistar.com/View.ashx?M=A&ID=796976&GUID=CB6F58A6-0234-4E84-972E-6B6A06BA5211,https://madison.legistar.com/View.ashx?M=M&ID=796976&GUID=CB6F58A6-0234-4E84-972E-6B6A06BA5211,7/29/2020,16:18,0 days 04:51:00.000000000,Alder Workgroup to Develop Logistics and Operational Details for MPD Independent Civilian Oversight
985 3441 0747,"MLK Commission: Meeting of July 29, 2020",5:30:00 PM,2020-07-29 17:07:00,2020-07-29 19:00:00,1:52:57,25,Yes,https://madison.legistar.com/View.ashx?M=A&ID=798985&GUID=74401071-5B03-435D-B8F6-4653AD8EA87D,https://madison.legistar.com/View.ashx?M=M&ID=798985&GUID=74401071-5B03-435D-B8F6-4653AD8EA87D,7/29/2020,17:07,0 days 01:53:00.000000000,MLK Commission
934 9101 4777,"Public Safety Review Committee Budget Subcommittee: Meeting of July 29, 2020",,2020-07-29 17:46:00,2020-07-29 20:17:00,2:30:50,21,Yes,,,7/29/2020,17:46,0 days 02:31:00.000000000,Public Safety Review Committee
985 6384 8547,"Plan Commission: Meeting of July 30, 2020",5:00:00 PM,2020-07-30 15:58:00,2020-07-30 20:06:00,4:08:29,54,Yes,https://madison.legistar.com/View.ashx?M=A&ID=797916&GUID=EE58E488-3931-4E68-A3B2-FA2DD4378BE4,https://madison.legistar.com/View.ashx?M=M&ID=797916&GUID=EE58E488-3931-4E68-A3B2-FA2DD4378BE4,7/30/2020,15:58,0 days 04:08:00.000000000,Plan Commission
998 8578 7121,"Body-Worn Camera Feasibility Review Committee: Meeting of July 30, 2020",5:30:00 PM,2020-07-30 17:06:00,2020-07-30 19:35:00,2:28:11,23,Yes,https://madison.legistar.com/View.ashx?M=A&ID=796979&GUID=BD78B970-D388-4193-AD34-B91945B7F89B,https://madison.legistar.com/View.ashx?M=M&ID=796979&GUID=BD78B970-D388-4193-AD34-B91945B7F89B,7/30/2020,17:06,0 days 02:29:00.000000000,Body-Worn Camera Feasibility Review Committee
949 7219 5424,"Task Force on Municipal Golf in Madison Parks: Meeting of July 30, 2020",6:00:00 PM,2020-07-30 17:35:00,2020-07-30 20:24:00,2:49:27,81,Yes,https://madison.legistar.com/View.ashx?M=A&ID=797920&GUID=527BF095-EBE4-4884-8CD8-762AA393A49C,https://madison.legistar.com/View.ashx?M=M&ID=797920&GUID=527BF095-EBE4-4884-8CD8-762AA393A49C,7/30/2020,17:35,0 days 02:49:00.000000000,Task Force on Golf in Madison Parks
917 3277 2846,"Deferred Compensation Committee Lincoln/ABG Semi-Annual Review: Meeting of July 31, 2020",1:30:00 PM,2020-07-31 12:59:00,2020-07-31 14:50:00,1:50:47,35,No,https://madison.legistar.com/View.ashx?M=A&ID=799345&GUID=9DA8DBF9-7670-4564-894C-9B7AA1DC743A,,7/31/2020,12:59,0 days 01:51:00.000000000,Deferred Compensation Committee
